tasks,DMMP-PR-TSA,DMMP-R-RL-AC,DPSO,Greedy-Nearest,PSO
30,0.8,0.8,0.7333333333333333,0.9666666666666667,0.6666666666666666
