uavs,DMMP-PR-TSA,DMMP-R-RL-AC,DPSO,Greedy-Nearest,PSO
3,1.0,1.0,0.8571428571428571,0.42857142857142855,0.8571428571428571
