tasks,DMMP-PR-TSA,DMMP-R-RL-AC,DPSO,Greedy-Nearest,PSO
5,0.03391300002112985,0.21974249999038875,4.686920800013468,0.006551900180056691,3.2003013999201357
