tasks,DMMP-PR-TSA,DMMP-R-RL-AC,DPSO,PSO,Random
30,1.0,1.0,1.0,1.0,0.5714285714285714
40,1.0,1.0,0.6,0.9,0.0
50,0.9333333333333333,1.0,0.6,0.6666666666666666,0.2
60,0.9444444444444444,1.0,0.3888888888888889,0.6666666666666666,0.16666666666666666
70,1.0,1.0,0.55,0.6,0.15
80,1.0,1.0,0.34782608695652173,0.4782608695652174,0.17391304347826086
90,0.9259259259259259,0.8888888888888888,0.25925925925925924,0.37037037037037035,0.2222222222222222
100,0.8666666666666667,0.7666666666666667,0.26666666666666666,0.3333333333333333,0.16666666666666666
