tasks,DMMP-PR-TSA,DMMP-R-RL-AC,DPSO,Greedy-Nearest,PSO
30,1.0,1.0,1.0,0.8571428571428571,1.0
40,0.9,1.0,0.6,0.8,0.9
50,0.6666666666666666,1.0,0.6,0.6,0.6666666666666666
60,0.8333333333333334,1.0,0.3888888888888889,0.5,0.6666666666666666
70,0.75,1.0,0.55,0.4,0.6
80,0.5217391304347826,1.0,0.34782608695652173,0.391304347826087,0.4782608695652174
90,0.5555555555555556,0.8888888888888888,0.25925925925925924,0.37037037037037035,0.37037037037037035
100,0.43333333333333335,0.7666666666666667,0.26666666666666666,0.3333333333333333,0.3333333333333333
