tasks,DMMP-PR-TSA,DMMP-R-RL-AC,Greedy-Nearest,PSO
10,1.0,1.0,1.0,1.0
20,1.0,1.0,0.8,1.0
30,0.6666666666666666,0.9333333333333333,0.6666666666666666,0.9666666666666667
40,0.675,0.875,0.55,0.675
50,0.44,0.66,0.48,0.46
60,0.4,0.7,0.5333333333333333,0.43333333333333335
70,0.32857142857142857,0.5142857142857142,0.45714285714285713,0.37142857142857144
80,0.3125,0.5125,0.4375,0.3125
90,0.3333333333333333,0.45555555555555555,0.3888888888888889,0.34444444444444444
100,0.27,0.42,0.36,0.31
