uavs,DMMP-PR-TSA,DMMP-R-RL-AC,DPSO,PSO,Random
3,0.41832830000203103,0.5799831000040285,18.505355099972803,6.091772600018885,0.0038612999487668276
4,0.4357688999734819,0.828114399977494,22.19256709999172,6.940126899979077,0.008232099993620068
5,0.4582730000256561,0.5453277999768034,21.371193500002846,8.340529199980665,0.0032274999539367855
6,0.4061179000418633,0.4326691000023857,21.572032399999443,8.428518800006714,0.0036601999890990555
7,0.6917314999736845,0.4020816000411287,21.197432600019965,7.694080999994185,0.003520500031299889
8,0.6576119000092149,0.35920860001351684,24.482375199964736,8.520143800007645,0.004267799959052354
9,0.40641039999900386,0.3594015000271611,22.32762619998539,8.512550999992527,0.0051794000319205225
