tasks,DMMP-PR-TSA,DMMP-R-RL-AC,DPSO,PSO,Random
30,0.8666666666666667,1.0,1.0,0.9,0.6666666666666666
40,0.75,0.875,0.6,0.675,0.425
50,0.7,0.78,0.52,0.58,0.44
60,0.5666666666666667,0.65,0.43333333333333335,0.5,0.4166666666666667
70,0.5714285714285714,0.5857142857142857,0.4142857142857143,0.45714285714285713,0.34285714285714286
80,0.525,0.525,0.3125,0.3375,0.275
90,0.4222222222222222,0.4444444444444444,0.3111111111111111,0.3333333333333333,0.2777777777777778
100,0.38,0.4,0.25,0.27,0.23
