uavs,DMMP-PR-TSA,DMMP-R-RL-AC,DPSO,PSO,Random
3,0.7333333333333333,0.9333333333333333,0.4666666666666667,0.6,0.13333333333333333
4,0.8666666666666667,1.0,0.6,0.6666666666666666,0.3333333333333333
5,0.9333333333333333,1.0,0.6,0.6666666666666666,0.2
6,1.0,1.0,0.7333333333333333,0.8666666666666667,0.3333333333333333
7,1.0,1.0,0.9333333333333333,1.0,0.3333333333333333
8,1.0,1.0,1.0,1.0,0.6
9,1.0,1.0,1.0,1.0,0.3333333333333333
