uavs,DMMP-PR-TSA,DMMP-R-RL-AC,DPSO,Greedy-Nearest,PSO
3,0.03081130003556609,0.13419919996522367,4.007028100080788,0.001560600008815527,3.3412261998746544
