tasks,DMMP-PR-TSA,DMMP-R-RL-AC,DPSO,Greedy-Nearest,PSO
30,0.423371099983342,0.8019371000118554,22.25309799995739,0.012120900035370141,11.12283030000981
