tasks,DMMP-PR-TSA,DMMP-R-RL-AC,DPSO,Greedy-Nearest,PSO
30,0.5258486000020639,0.5348977000030573,21.684905900001468,0.010256199995637871,10.190623700000287
40,0.49899749999894993,0.8539347000041744,30.02275379999628,0.014373099998920225,12.07452299999568
50,0.369717399997171,0.7728715999983251,44.11852999999974,0.009287399996537715,17.36927210000431
60,0.798179400000663,1.3903344999998808,51.43677860000025,0.013144399999873713,17.80663249999634
70,1.462828299998364,1.5692917999986093,58.129661200000555,0.01014759999816306,18.248791699996218
80,0.4904298999972525,1.6342158999977983,74.81823509999958,0.01112680000369437,20.38337500000489
90,0.7951581999950577,1.6892945999934454,84.61292590000085,0.01340419999905862,21.59165629999916
100,2.3193115000030957,2.008034899998165,101.62614079999912,0.028725100004521664,25.110637099998712
