uavs,DMMP-PR-TSA,DMMP-R-RL-AC,DPSO,Greedy-Nearest,PSO
3,0.2242289000423625,0.22781419998500496,22.196689100004733,0.006604599999263883,8.128804399981163
